ID,Name,Team ID,Team Name,G,GS,GR,CG,SHO,NBB,W,L,SV,BS,HLD,IP,BF,NP,H,HR,BB,IBB,HBP,SO,WP,BK,R,ER,GO,FO
R228,許銘倢,AA1,Lamigo二軍,26,0,26,0,0,0,0,2,2,1,1,25.1,118,460,21,2,17,1,4,15,3,0,16,13,24,36
R123,陳子生,AA1,Lamigo二軍,26,0,26,0,0,0,3,0,3,3,5,32.2,132,423,27,1,3,0,5,19,0,0,14,9,19,59
H377,洪聖欽,AA1,Lamigo二軍,25,6,19,0,0,0,6,3,2,2,0,60.0,267,881,68,4,16,0,3,23,6,0,38,25,80,77
A0B6,洪宸宇,AA1,Lamigo二軍,25,2,23,0,0,0,3,1,4,1,3,42.0,200,747,49,2,22,0,5,31,8,0,23,17,36,56
R236,郭文凱,AA1,Lamigo二軍,24,16,8,0,0,0,6,10,0,0,0,103.0,458,1452,128,2,21,2,5,38,1,1,66,45,157,107
R289,蔡璟豪,AA1,Lamigo二軍,22,3,19,0,0,0,3,2,3,1,6,46.1,206,731,48,1,21,0,3,26,7,0,21,19,64,44
R521,黃中辰,AA1,Lamigo二軍,20,1,19,0,0,0,1,0,0,0,3,23.2,122,404,31,1,9,0,9,7,0,0,21,20,34,32
R673,曾琮萱,AA1,Lamigo二軍,19,6,13,0,0,0,0,0,0,1,2,19.2,96,395,15,3,16,0,7,21,2,0,13,11,16,21
A0C8,賴達官,AA1,Lamigo二軍,19,3,16,0,0,0,0,2,0,0,2,33.0,170,668,43,0,28,0,2,18,5,0,28,25,20,59
A0B1,鄭承浩,AA1,Lamigo二軍,15,11,4,0,0,0,3,4,0,0,0,57.2,265,950,81,5,12,0,3,52,5,0,44,39,58,60
R047,王豐鑫,AA1,Lamigo二軍,14,4,10,0,0,0,2,1,0,1,4,29.1,134,437,37,1,7,0,4,13,1,1,18,14,46,27
R597,郭駿傑,AA1,Lamigo二軍,12,8,4,0,0,0,6,1,0,0,0,49.0,199,713,49,3,10,0,1,28,1,0,17,15,48,63
A0D7,林樺慶,AA1,Lamigo二軍,10,2,8,0,0,0,1,2,0,0,3,16.1,84,310,27,1,10,0,1,5,2,2,21,19,23,18
A0D5,郭勝安,AA1,Lamigo二軍,10,2,8,0,0,0,0,2,0,1,0,7.1,65,284,16,1,23,0,4,5,8,1,28,26,4,13
A0D2,林國裕,AA1,Lamigo二軍,9,0,9,0,0,0,0,0,0,0,3,11.0,45,179,8,0,3,0,0,9,0,0,0,0,12,13
A0D4,陳禹勳,AA1,Lamigo二軍,7,0,7,0,0,0,0,0,3,0,2,7.0,35,129,12,0,2,0,0,9,2,0,5,5,8,4
R359,陳敏賜,AA1,Lamigo二軍,6,0,6,0,0,0,0,0,0,0,2,5.0,24,121,6,0,4,0,0,5,1,0,3,3,4,5
A0E9,蘇俊羽,AA1,Lamigo二軍,5,0,5,0,0,0,0,0,0,0,1,3.2,19,83,7,2,1,0,1,2,0,0,2,2,4,4
A0F0,張明翔,AA1,Lamigo二軍,4,0,4,0,0,0,0,0,0,0,0,3.1,14,52,0,0,4,0,0,3,0,0,2,2,4,3
z105,林宗緯,AA1,Lamigo二軍,3,0,3,0,0,0,0,0,0,2,0,1.1,12,52,6,0,2,0,0,0,1,1,4,4,1,3
W0B6,曾孟承,AA1,Lamigo二軍,3,2,1,0,0,0,0,0,0,0,0,10.1,51,161,17,1,1,0,0,5,0,0,9,7,14,14
R679,黃偉晟,AA1,Lamigo二軍,2,0,2,0,0,0,0,0,0,0,0,2.2,9,23,2,0,0,0,0,0,0,0,1,1,3,4
H510,王躍霖,AA1,Lamigo二軍,2,1,1,0,0,0,0,0,0,1,0,7.2,35,141,5,0,6,0,0,7,2,0,2,2,8,9
A0F1,葉文淇,AA1,Lamigo二軍,2,0,2,0,0,0,0,0,0,0,2,2.0,8,34,1,0,1,0,0,1,1,0,0,0,2,3
A0E8,明星,AA1,Lamigo二軍,2,2,0,0,0,0,0,0,0,0,0,10.0,41,149,9,0,4,0,0,5,1,1,1,1,15,8
R394,林柏佑,AA1,Lamigo二軍,1,0,1,0,0,0,0,0,0,0,0,1.0,3,11,0,0,0,0,0,1,0,0,0,0,0,2
A0E6,艾肯,AA1,Lamigo二軍,1,1,0,0,0,0,0,1,0,0,0,2.2,14,51,5,0,1,0,0,4,0,0,3,0,1,3
A0D3,許銘傑,AA1,Lamigo二軍,1,0,1,0,0,0,0,0,0,0,0,2.0,10,38,4,1,1,0,0,0,0,0,2,2,2,3
R598,林家瑋,L02,統一二軍,38,2,36,0,0,0,4,2,0,2,7,45.1,219,862,48,2,39,0,1,35,9,2,30,25,37,58
R044,李瑋華,L02,統一二軍,30,8,22,0,0,0,2,0,1,1,5,57.1,264,945,72,3,18,1,2,37,2,1,43,31,52,82
L0M2,張耀文,L02,統一二軍,30,5,25,0,0,0,2,2,0,1,3,40.1,209,833,34,1,56,0,5,38,12,1,24,21,40,36
R504,蔡萬霖,L02,統一二軍,29,10,19,0,0,0,6,10,0,1,1,70.1,339,1186,83,4,43,0,8,36,7,0,53,44,76,93
W001,高建三,L02,統一二軍,28,0,28,0,0,0,1,0,1,2,5,34.0,141,498,39,3,5,0,2,17,2,0,16,12,29,49
R368,賴泊凱,L02,統一二軍,23,11,12,0,0,0,3,3,0,0,1,70.1,336,1166,93,4,25,0,7,32,6,0,49,37,79,101
L0L7,黃靖幃,L02,統一二軍,20,11,9,0,0,0,1,8,1,0,1,64.0,271,1026,59,4,27,1,2,37,4,2,37,30,79,66
R675,郭泓志,L02,統一二軍,17,0,17,0,0,0,1,0,2,0,3,17.0,92,384,22,1,17,1,0,18,2,1,17,14,17,17
L0E8,林岳平,L02,統一二軍,17,2,15,0,0,0,1,0,4,0,0,29.2,122,376,27,1,10,0,0,16,1,0,12,10,37,32
R553,黃俊欽,L02,統一二軍,16,4,12,0,0,0,0,4,0,0,2,29.1,140,484,26,2,24,0,9,10,11,0,26,24,26,45
R403,邱子愷,L02,統一二軍,14,0,14,0,0,0,2,0,2,0,1,18.1,73,261,12,1,5,1,0,10,0,0,3,3,18,27
R413,李金木,L02,統一二軍,12,5,7,0,0,0,0,3,0,0,0,24.0,116,415,34,2,13,0,1,12,4,0,24,22,27,29
R683,江承峰,L02,統一二軍,7,1,6,0,0,0,2,0,0,0,2,16.1,64,194,13,0,1,0,1,6,0,0,2,1,25,18
R269,林其緯,L02,統一二軍,7,0,7,0,0,0,0,0,1,0,0,7.2,33,102,7,0,2,0,0,3,1,0,3,2,7,14
R463,傅于剛,L02,統一二軍,5,0,5,0,0,0,0,1,0,1,0,5.2,31,107,14,1,1,0,0,4,0,0,10,9,5,7
H108,邱浩鈞,L02,統一二軍,5,0,5,0,0,0,0,0,0,0,0,7.0,31,126,6,1,4,0,0,8,1,0,6,6,2,11
L0N8,郭恆孝,L02,統一二軍,3,1,2,0,0,0,0,0,0,0,0,4.1,21,90,5,0,4,0,0,1,1,0,5,5,4,7
L0N7,銳迪,L02,統一二軍,3,3,0,0,0,0,1,2,0,0,0,17.0,81,284,26,1,4,0,0,15,3,0,14,12,23,13
L0N3,銳克,L02,統一二軍,3,3,0,0,0,0,1,0,0,0,0,15.0,65,244,16,1,3,0,0,10,1,0,9,7,16,20
L0M7,陳韻文,L02,統一二軍,3,0,3,0,0,0,0,0,0,0,1,5.0,17,77,2,0,1,0,0,8,1,0,0,0,3,3
L0N9,郭力瑋,L02,統一二軍,2,0,2,0,0,0,0,1,0,1,1,3.0,19,69,5,0,3,0,0,2,1,0,5,1,4,5
R455,王鏡銘,L02,統一二軍,1,0,1,0,0,0,1,0,0,0,0,2.2,8,22,1,0,0,0,0,1,0,0,0,0,1,5
R418,李育儒,L02,統一二軍,1,0,1,0,0,0,0,0,0,0,0,1.0,4,10,1,0,0,0,0,0,0,0,0,0,1,2
L0N2,馬力斯,L02,統一二軍,1,1,0,0,0,0,0,1,0,0,0,1.1,8,39,3,0,0,0,1,2,0,0,3,1,1,1
R570,許文錚,BA2,義大二軍,42,1,41,0,0,0,0,2,0,3,12,46.1,221,829,50,1,31,1,5,20,6,1,29,24,78,36
R242,羅政龍,BA2,義大二軍,34,0,34,0,0,0,7,1,0,1,5,33.2,166,669,40,0,32,0,2,18,10,0,25,17,43,31
R449,黃柏揚,BA2,義大二軍,31,3,28,0,0,0,1,3,1,0,6,37.2,190,650,56,1,20,0,4,13,5,0,38,32,42,55
H199,陳冠儒,BA2,義大二軍,31,0,31,0,0,0,1,1,0,1,8,28.2,128,501,33,1,10,1,1,20,4,1,21,19,27,36
B0G5,林彥峰,BA2,義大二軍,29,0,29,0,0,0,1,1,2,2,6,27.2,122,414,33,2,7,1,1,20,0,0,7,7,24,36
R049,陳煥揚,BA2,義大二軍,26,2,24,0,0,0,4,0,5,2,1,36.1,148,532,36,2,9,1,1,21,1,0,12,12,38,42
B0H9,蕭一傑,BA2,義大二軍,22,9,13,0,0,0,3,2,3,1,5,54.2,231,890,63,2,14,0,1,41,1,0,22,22,51,61
B0H8,范玉禹,BA2,義大二軍,22,17,5,0,0,0,5,9,0,0,1,89.0,407,1407,123,8,24,0,5,36,6,0,64,57,83,136
B0G4,林晨樺,BA2,義大二軍,20,14,6,0,0,0,7,1,0,0,1,76.2,310,1035,76,2,14,0,3,52,1,0,28,25,62,103
R552,曾冠儒,BA2,義大二軍,17,0,17,0,0,0,1,0,0,0,1,12.1,74,296,19,1,15,0,3,5,3,0,23,18,13,19
H085,簡嘉佑,BA2,義大二軍,16,3,13,0,0,0,0,1,0,0,2,21.0,84,303,20,0,5,0,0,8,1,0,9,8,25,26
R646,黃思漢,BA2,義大二軍,14,1,13,0,0,0,0,2,1,1,0,19.2,83,267,23,2,7,0,1,7,0,0,11,9,23,22
R540,蔡欣宏,BA2,義大二軍,13,0,13,0,0,0,0,0,0,0,3,14.0,78,282,23,0,12,0,1,7,2,0,15,14,18,17
R354,賴鴻誠,BA2,義大二軍,12,8,4,0,0,0,1,3,0,0,1,35.1,166,615,41,5,19,0,2,17,1,1,26,21,53,34
B0A6,陽建福,BA2,義大二軍,10,1,9,0,0,0,0,0,0,2,1,11.0,50,173,15,1,5,0,0,3,1,0,9,9,15,12
R107,蔡明晋,BA2,義大二軍,6,5,1,0,0,0,0,3,0,0,0,15.0,72,238,18,0,7,0,1,10,3,0,14,11,22,14
W0B9,沈鈺傑,BA2,義大二軍,5,0,5,0,0,0,0,0,0,0,1,4.1,14,59,2,0,0,0,0,5,0,0,0,0,2,5
R670,林羿豪,BA2,義大二軍,3,0,3,0,0,0,1,0,0,0,1,3.0,14,46,2,0,2,0,0,2,0,0,0,0,5,3
B0J1,林政賢,BA2,義大二軍,3,0,3,0,0,0,0,1,0,0,0,3.1,19,67,6,0,1,0,1,2,1,0,4,1,6,3
R081,倪福德,BA2,義大二軍,2,2,0,0,0,0,0,0,0,0,0,3.0,10,39,1,1,0,0,0,3,0,0,1,1,1,5
R016,林正豐,BA2,義大二軍,2,0,2,0,0,0,0,0,0,0,1,1.2,9,30,5,0,0,0,0,3,1,0,2,2,0,1
H375,陳泓亦,BA2,義大二軍,2,0,2,0,0,0,0,0,0,0,0,2.2,11,49,1,0,1,0,1,2,0,0,1,1,0,6
H401,張耿豪,BA2,義大二軍,1,0,1,0,0,0,0,0,0,0,0,1.0,3,10,0,0,0,0,0,0,0,0,0,0,1,2
H307,黃勝雄,BA2,義大二軍,1,0,1,0,0,0,0,0,0,0,1,1.0,3,14,0,0,0,0,0,1,0,0,0,0,1,1
R147,陳偉建,EE2,中信兄弟二軍,27,13,14,0,0,0,3,5,0,1,2,81.1,370,1305,99,3,46,0,5,33,5,1,57,45,79,108
R462,盧劭禹,EE2,中信兄弟二軍,26,0,26,0,0,0,4,5,0,0,3,49.0,220,741,56,3,18,0,5,13,3,1,30,27,46,82
R427,王建勛,EE2,中信兄弟二軍,25,0,25,0,0,0,0,0,2,1,5,24.0,98,362,22,1,12,0,0,14,3,1,12,9,38,12
R682,吳明旭,EE2,中信兄弟二軍,21,0,21,0,0,0,0,0,1,0,0,14.2,96,383,20,1,32,1,3,13,14,0,22,18,14,13
A095,耿伯軒,EE2,中信兄弟二軍,21,0,21,0,0,0,1,0,3,2,4,21.1,91,293,24,2,4,0,1,14,2,1,12,12,29,19
E0J7,王則鈞,EE2,中信兄弟二軍,20,2,18,0,0,0,3,1,1,1,1,31.1,143,487,32,1,19,1,1,17,7,1,25,23,32,41
E0I2,鄭錡鴻,EE2,中信兄弟二軍,19,13,6,1,1,0,9,4,0,0,0,106.2,449,1586,112,0,37,0,3,62,6,0,46,39,147,89
R311,王英山,EE2,中信兄弟二軍,17,0,17,0,0,0,1,0,0,0,3,17.2,89,294,17,0,19,0,3,6,4,0,12,12,19,25
E0I3,增菘瑋,EE2,中信兄弟二軍,17,8,9,0,0,0,0,5,0,1,2,20.2,136,474,31,3,44,0,3,5,20,0,43,38,27,26
H507,王梓安,EE2,中信兄弟二軍,14,9,5,0,0,0,2,3,0,0,1,48.2,199,758,44,0,20,0,0,26,7,1,18,14,58,51
E0K8,杜家明,EE2,中信兄弟二軍,12,5,7,0,0,0,1,3,2,0,1,45.0,179,573,41,2,11,0,1,19,0,0,15,11,63,43
R356,林克謙,EE2,中信兄弟二軍,11,0,11,0,0,0,1,0,1,0,0,13.1,53,202,14,3,3,0,0,11,0,0,6,6,16,9
H345,江忠城,EE2,中信兄弟二軍,9,0,9,0,0,0,0,0,2,0,0,10.0,45,142,14,0,0,0,1,12,2,0,6,5,11,7
E0L6,潘韋辰,EE2,中信兄弟二軍,8,0,8,0,0,0,0,0,0,0,4,11.0,45,185,11,0,6,0,0,9,1,2,2,1,10,9
R622,邱品睿,EE2,中信兄弟二軍,7,3,4,0,0,0,2,1,0,0,0,29.1,120,432,24,1,9,1,0,24,3,0,8,8,22,40
G040,林英傑,EE2,中信兄弟二軍,7,5,2,0,0,0,0,1,0,0,0,24.2,113,372,32,2,9,0,0,14,3,0,13,9,31,27
R414,林煜清,EE2,中信兄弟二軍,6,5,1,0,0,0,4,1,0,0,0,23.1,108,379,30,5,11,0,2,11,4,0,16,16,21,33
H467,周磊,EE2,中信兄弟二軍,5,0,5,0,0,0,2,1,0,1,1,7.2,27,97,6,0,1,0,0,3,0,0,2,2,11,6
E0L5,張凱倫,EE2,中信兄弟二軍,4,1,3,0,0,0,0,0,0,0,1,7.1,28,103,4,0,2,0,0,4,1,1,0,0,10,8
E0K5,寇迪,EE2,中信兄弟二軍,3,3,0,0,0,0,1,0,0,0,0,12.2,46,181,6,0,1,0,0,9,1,0,0,0,13,17
R669,陳鴻文,EE2,中信兄弟二軍,1,1,0,0,0,0,0,0,0,0,0,1.0,3,10,1,0,0,0,0,0,0,0,0,0,1,1
R575,羅國華,EE2,中信兄弟二軍,1,0,1,0,0,0,0,0,0,0,0,1.0,5,16,1,1,0,0,0,0,0,0,1,1,3,1
R568,謝榮豪,EE2,中信兄弟二軍,1,0,1,0,0,0,0,0,0,0,0,1.0,6,17,3,0,0,0,0,0,0,0,1,1,1,2
B0I4,克拉帝,EE2,中信兄弟二軍,1,1,0,0,0,0,0,0,0,0,0,3.0,11,46,2,0,0,0,0,4,0,0,0,0,4,1
